{
    "metrics": {
        "dropped_iterations": {
            "count": 44,
            "rate": 4.399528899765271
        },
        "data_sent": {
            "rate": 818139.0939112657,
            "count": 8182267
        },
        "http_req_duration": {
            "min": 0.220541,
            "med": 0.405292,
            "p(90)": 0.686208,
            "p(95)": 2.1037811999999994,
            "p(99)": 37.32620499999984,
            "max": 59.381125,
            "avg": 1.2437119072420715,
            "thresholds": {
                "p(95)<50": false
            }
        },
        "http_req_failed": {
            "passes": 0,
            "fails": 49958,
            "thresholds": {
                "rate<0.01": false
            },
            "value": 0
        },
        "checks": {
            "passes": 49958,
            "fails": 0,
            "value": 1
        },
        "iteration_duration": {
            "p(99)": 44.17239275,
            "max": 141.598583,
            "avg": 1.6389409930341363,
            "min": 0.242375,
            "med": 0.4333125,
            "p(90)": 0.7201499000000001,
            "p(95)": 2.1936401499999953
        },
        "http_req_duration{algo:fixed}": {
            "max": 59.381125,
            "avg": 1.2437119072420715,
            "min": 0.220541,
            "med": 0.405292,
            "p(90)": 0.686208,
            "p(95)": 2.1037811999999994,
            "p(99)": 37.32620499999984,
            "thresholds": {
                "p(95)<50": false
            }
        },
        "iterations": {
            "count": 49958,
            "rate": 4995.26510851076
        },
        "data_received": {
            "count": 14244307,
            "rate": 1424278.1887188354
        },
        "http_reqs": {
            "rate": 4995.26510851076,
            "count": 49958
        },
        "http_req_duration{algo:sliding}": {
            "p(90)": 0,
            "p(95)": 0,
            "p(99)": 0,
            "max": 0,
            "avg": 0,
            "min": 0,
            "med": 0,
            "thresholds": {
                "p(95)<50": false
            }
        },
        "vus": {
            "value": 2,
            "min": 1,
            "max": 4
        },
        "http_req_receiving": {
            "avg": 0.01296352297930249,
            "min": 0.003,
            "med": 0.006375,
            "p(90)": 0.028625,
            "p(95)": 0.035,
            "p(99)": 0.05985105999999998,
            "max": 10.034667
        },
        "http_req_duration{expected_response:true}": {
            "min": 0.220541,
            "med": 0.405292,
            "p(90)": 0.686208,
            "p(95)": 2.1037811999999994,
            "p(99)": 37.32620499999984,
            "max": 59.381125,
            "avg": 1.2437119072420715
        },
        "http_req_sending": {
            "max": 18.664958,
            "avg": 0.011118469314223434,
            "min": 0.001334,
            "med": 0.002417,
            "p(90)": 0.006792,
            "p(95)": 0.016791,
            "p(99)": 0.06350012999999988
        },
        "rate_limit_rejections": {
            "passes": 2388,
            "fails": 47570,
            "value": 0.04780015212778734
        },
        "vus_max": {
            "value": 503,
            "min": 503,
            "max": 503
        },
        "http_req_duration{algo:token}": {
            "p(95)": 0,
            "p(99)": 0,
            "max": 0,
            "avg": 0,
            "min": 0,
            "med": 0,
            "p(90)": 0,
            "thresholds": {
                "p(95)<50": false
            }
        },
        "http_req_blocked": {
            "p(95)": 0.002,
            "p(99)": 0.9643123099999843,
            "max": 93.184125,
            "avg": 0.363774322170579,
            "min": 0.000458,
            "med": 0.001041,
            "p(90)": 0.0015
        },
        "http_req_connecting": {
            "avg": 0.3580091011449619,
            "min": 0,
            "med": 0,
            "p(90)": 0,
            "p(95)": 0,
            "p(99)": 0.9222774399999895,
            "max": 93.169542
        },
        "http_req_tls_handshaking": {
            "avg": 0,
            "min": 0,
            "med": 0,
            "p(90)": 0,
            "p(95)": 0,
            "p(99)": 0,
            "max": 0
        },
        "http_req_waiting": {
            "max": 59.349292,
            "avg": 1.2196299149485599,
            "min": 0.209917,
            "med": 0.390167,
            "p(90)": 0.6697213000000001,
            "p(95)": 2.075324949999997,
            "p(99)": 35.80472874999993
        }
    },
    "root_group": {
        "name": "",
        "path": "",
        "id": "d41d8cd98f00b204e9800998ecf8427e",
        "groups": {},
        "checks": {
                "status is 200 or 429": {
                    "path": "::status is 200 or 429",
                    "id": "66b4fc05285fc67bfe6d7a6e21342225",
                    "passes": 49958,
                    "fails": 0,
                    "name": "status is 200 or 429"
                }
            }
    }
}