{
    "metrics": {
        "http_req_tls_handshaking": {
            "p(95)": 0,
            "p(99)": 0,
            "max": 0,
            "avg": 0,
            "min": 0,
            "med": 0,
            "p(90)": 0
        },
        "http_req_duration{algo:sliding}": {
            "med": 0.830813,
            "p(90)": 1.0666666,
            "p(95)": 1.3763222999999998,
            "p(99)": 2.5272955099999974,
            "max": 12.90925,
            "avg": 0.8981765953333363,
            "min": 0.287458,
            "thresholds": {
                "p(95)<50": false
            }
        },
        "http_req_receiving": {
            "p(99)": 0.10637624999999998,
            "max": 1.452375,
            "avg": 0.025888460000000023,
            "min": 0.003792,
            "med": 0.021292,
            "p(90)": 0.042875,
            "p(95)": 0.06279404999999996
        },
        "rate_limit_rejections": {
            "passes": 3632,
            "fails": 14368,
            "value": 0.20177777777777778
        },
        "http_reqs": {
            "count": 18000,
            "rate": 599.8867288879458
        },
        "vus": {
            "value": 1,
            "min": 0,
            "max": 2
        },
        "checks": {
            "passes": 18000,
            "fails": 0,
            "value": 1
        },
        "http_req_duration{algo:token}": {
            "p(90)": 1.0670955,
            "p(95)": 1.4095812499999996,
            "p(99)": 2.3556717499999995,
            "max": 12.079666,
            "avg": 0.8859584276666664,
            "min": 0.277083,
            "med": 0.8205210000000001,
            "thresholds": {
                "p(95)<50": false
            }
        },
        "http_req_failed": {
            "passes": 0,
            "fails": 18000,
            "thresholds": {
                "rate<0.01": false
            },
            "value": 0
        },
        "http_req_blocked": {
            "p(99)": 0.3941897599999996,
            "max": 21.521542,
            "avg": 0.017072799777777307,
            "min": 0.000791,
            "med": 0.002292,
            "p(90)": 0.003833,
            "p(95)": 0.006166
        },
        "iteration_duration": {
            "avg": 0.9733141613333351,
            "min": 0.309333,
            "med": 0.889896,
            "p(90)": 1.1510502999999999,
            "p(95)": 1.5099791499999984,
            "p(99)": 2.6675312499999997,
            "max": 24.103709
        },
        "iterations": {
            "count": 18000,
            "rate": 599.8867288879458
        },
        "http_req_duration{algo:fixed}": {
            "min": 0.287833,
            "med": 0.7938125,
            "p(90)": 1.0312214,
            "p(95)": 1.3032895499999972,
            "p(99)": 2.419096579999999,
            "max": 12.035041,
            "avg": 0.8588393891666681,
            "thresholds": {
                "p(95)<50": false
            }
        },
        "http_req_connecting": {
            "p(99)": 0.3773862499999998,
            "max": 21.507833,
            "avg": 0.013979164777777775,
            "min": 0,
            "med": 0,
            "p(90)": 0,
            "p(95)": 0
        },
        "vus_max": {
            "value": 200,
            "min": 200,
            "max": 200
        },
        "http_req_duration": {
            "p(95)": 1.3725565499999997,
            "p(99)": 2.43254449,
            "max": 12.90925,
            "avg": 0.8809914707222174,
            "min": 0.277083,
            "med": 0.8157295,
            "p(90)": 1.0544294,
            "thresholds": {
                "p(95)<50": false
            }
        },
        "data_sent": {
            "count": 2972277,
            "rate": 99057.19593771537
        },
        "http_req_duration{expected_response:true}": {
            "p(95)": 1.3725565499999997,
            "p(99)": 2.43254449,
            "max": 12.90925,
            "avg": 0.8809914707222174,
            "min": 0.277083,
            "med": 0.8157295,
            "p(90)": 1.0544294
        },
        "http_req_sending": {
            "p(99)": 0.048959409999999995,
            "max": 1.690292,
            "avg": 0.01311089111111129,
            "min": 0.002,
            "med": 0.012375,
            "p(90)": 0.017792,
            "p(95)": 0.029085099999999968
        },
        "http_req_waiting": {
            "p(95)": 1.3124312499999993,
            "p(99)": 2.3440740799999995,
            "max": 12.793083,
            "avg": 0.8419921196111118,
            "min": 0.2645,
            "med": 0.775125,
            "p(90)": 1.0146291
        },
        "data_received": {
            "rate": 174197.14128395182,
            "count": 5226901
        }
    },
    "root_group": {
        "path": "",
        "id": "d41d8cd98f00b204e9800998ecf8427e",
        "groups": {},
        "checks": {
                "status is 200 or 429": {
                    "name": "status is 200 or 429",
                    "path": "::status is 200 or 429",
                    "id": "66b4fc05285fc67bfe6d7a6e21342225",
                    "passes": 18000,
                    "fails": 0
                }
            },
        "name": ""
    }
}