{
    "root_group": {
        "id": "d41d8cd98f00b204e9800998ecf8427e",
        "groups": {},
        "checks": {
                "status is 200 or 429": {
                    "name": "status is 200 or 429",
                    "path": "::status is 200 or 429",
                    "id": "66b4fc05285fc67bfe6d7a6e21342225",
                    "passes": 37999,
                    "fails": 0
                }
            },
        "name": "",
        "path": ""
    },
    "metrics": {
        "rate_limit_rejections": {
            "passes": 17023,
            "fails": 20976,
            "value": 0.447985473301929
        },
        "http_req_receiving": {
            "med": 0.01525,
            "p(90)": 0.0328332,
            "p(95)": 0.04825,
            "p(99)": 0.10704433999999995,
            "max": 10.351,
            "avg": 0.023043752388220772,
            "min": 0.003583
        },
        "http_req_duration": {
            "p(95)": 1.4734246999999985,
            "p(99)": 21.71765149999993,
            "max": 127.542625,
            "avg": 1.3209353597989402,
            "min": 0.016625,
            "med": 0.7625,
            "p(90)": 1.0506334,
            "thresholds": {
                "p(95)<50": false
            }
        },
        "http_req_blocked": {
            "avg": 0.010724731729781754,
            "min": 0.000666,
            "med": 0.002291,
            "p(90)": 0.003709,
            "p(95)": 0.005666,
            "p(99)": 0.025292,
            "max": 21.775541
        },
        "http_req_waiting": {
            "p(95)": 1.4049166999999994,
            "p(99)": 21.344484679999947,
            "max": 120.227375,
            "avg": 1.2828747646253797,
            "min": 0,
            "med": 0.733625,
            "p(90)": 1.0180914
        },
        "data_sent": {
            "count": 6211299,
            "rate": 138034.30485632137
        },
        "http_req_duration{algo:sliding}": {
            "min": 0,
            "med": 0,
            "p(90)": 0,
            "p(95)": 0,
            "p(99)": 0,
            "max": 0,
            "avg": 0,
            "thresholds": {
                "p(95)<50": false
            }
        },
        "http_reqs": {
            "count": 37999,
            "rate": 844.4554915542394
        },
        "vus": {
            "min": 0,
            "max": 8,
            "value": 0
        },
        "vus_max": {
            "value": 200,
            "min": 200,
            "max": 200
        },
        "http_req_duration{algo:token}": {
            "avg": 0,
            "min": 0,
            "med": 0,
            "p(90)": 0,
            "p(95)": 0,
            "p(99)": 0,
            "max": 0,
            "thresholds": {
                "p(95)<50": false
            }
        },
        "http_req_tls_handshaking": {
            "max": 0,
            "avg": 0,
            "min": 0,
            "med": 0,
            "p(90)": 0,
            "p(95)": 0,
            "p(99)": 0
        },
        "http_req_failed": {
            "passes": 0,
            "fails": 37999,
            "thresholds": {
                "rate<0.01": false
            },
            "value": 0
        },
        "http_req_duration{expected_response:true}": {
            "p(95)": 1.4734246999999985,
            "p(99)": 21.71765149999993,
            "max": 127.542625,
            "avg": 1.3209353597989402,
            "min": 0.016625,
            "med": 0.7625,
            "p(90)": 1.0506334
        },
        "iterations": {
            "count": 37999,
            "rate": 844.4554915542394
        },
        "http_req_duration{algo:fixed}": {
            "avg": 1.3209353597989402,
            "min": 0.016625,
            "med": 0.7625,
            "p(90)": 1.0506334,
            "p(95)": 1.4734246999999985,
            "p(99)": 21.71765149999993,
            "max": 127.542625,
            "thresholds": {
                "p(95)<50": false
            }
        },
        "http_req_connecting": {
            "p(99)": 0,
            "max": 21.709708,
            "avg": 0.006776195926208582,
            "min": 0,
            "med": 0,
            "p(90)": 0,
            "p(95)": 0
        },
        "data_received": {
            "count": 11311915,
            "rate": 251385.79282993695
        },
        "iteration_duration": {
            "max": 127.710625,
            "avg": 1.4173159880260007,
            "min": 0.279541,
            "med": 0.827125,
            "p(90)": 1.1429582,
            "p(95)": 1.6884165999999992,
            "p(99)": 22.94210965999996
        },
        "checks": {
            "fails": 0,
            "passes": 37999,
            "value": 1
        },
        "http_req_sending": {
            "p(90)": 0.016083,
            "p(95)": 0.024459,
            "p(99)": 0.06429281999999999,
            "max": 27.756208,
            "avg": 0.01501684278533633,
            "min": 0.00175,
            "med": 0.006625
        }
    }
}